qui	PRON	7138
sum	AUX	10364
officium	NOUN	12
sapiens	ADJ	48
.	PUNCT	12905
veritas	NOUN	248
meditor	VERB	8
guttur	NOUN	2
meus	DET	33
,	PUNCT	19373
detestor	VERB	2
et	CCONJ	6785
labium	NOUN	2
impius	ADJ	5
_	X	558
_	NUM	719
multitudo	NOUN	66
usus	NOUN	46
obtineo	VERB	18
censeo	VERB	1
in	ADP	7734
res	NOUN	1679
sequor	VERB	401
nomino	VERB	36
philosophus	NOUN	210
communis	ADJ	157
ut	SCONJ	2176
dico	AUX	299
ordino	VERB	231
directus	ADJ	18
guberno	VERB	39
is	PRON	2919
bene	ADV	22
unde	ADV	819
pono	VERB	521
inter	ADP	151
alius	PRON	1556
concipio	VERB	27
homo	NOUN	969
de	ADP	1408
a	ADP	2085
quod	SCONJ	4638
omnis	DET	1910
autem	CCONJ	3393
necesse	ADJ	154
ad	ADP	3615
finis	NOUN	862
gubernatio	NOUN	17
regula	NOUN	17
ordo	NOUN	464
sumo	VERB	110
e	ADP	2290
:	PUNCT	3741
tunc	ADV	76
dispono	VERB	102
enim	ADV	1831
unusquisque	PRON	248
bonus	ADJ	277
cum	SCONJ	1209
suus	DET	1479
convenio	VERB	257
;	PUNCT	2432
bonum	NOUN	751
video	VERB	672
ars	NOUN	157
unus	NUM	1071
gubernativus	ADJ	2
alter	PRON	298
princeps	ADJ	7
quasi	ADV	244
pertineo	VERB	177
sicut	SCONJ	2109
principor	VERB	5
medicinalis	ADJ	2
pigmentarius	ADJ	2
hic	PRON	3074
propter	ADP	554
sanitas	NOUN	21
verso	VERB	6
circa	ADP	116
pigmentum	NOUN	1
conficio	VERB	6
similis	ADJ	330
appareo	AUX	7
gubernatorius	ADJ	7
respectus	NOUN	97
navifactivus	ADJ	4
militaris	ADJ	4
equester	ADJ	3
apparatus	NOUN	1
bellicus	ADJ	2
quidem	ADV	326
architectonicus	ADJ	5
nomino	AUX	7
principalis	ADJ	134
vindico	VERB	3
artifex	NOUN	87
architector	NOUN	6
voco	AUX	5
nomen	NOUN	183
sui	PRON	1461
quia	SCONJ	1247
pertingo	VERB	49
verus	ADJ	601
praedico	VERB	343
pertracto	VERB	2
singularis	ADJ	163
quidam	PRON	698
universalis	ADJ	295
non	ADV	6003
vel	CCONJ	1227
ille	PRON	1038
dico	VERB	2234
secundum	ADP	2075
modus	NOUN	864
architectus	NOUN	1
fundamentum	NOUN	10
reservo	VERB	5
simplex	ADJ	298
solus	ADJ	504
consideratio	NOUN	64
universus	ADJ	124
principium	NOUN	745
item	ADV	320
universitas	NOUN	15
causa	NOUN	993
considero	VERB	225
altus	NOUN	94
sum	VERB	5214
ulterior	ADJ	420
intendo	VERB	153
auctor	NOUN	13
primus	ADJ	1053
motor	NOUN	120
ipse	PRON	1622
intellectus	NOUN	1895
ostendo	VERB	764
infra	ADP	32
oportet	VERB	967
igitur	ADV	2160
totus	PRON	420
insisto	VERB	3
sapientia	NOUN	110
testor	VERB	1
ideo	ADV	328
manifestatio	NOUN	8
divinus	ADJ	1096
caro	NOUN	42
induo	VERB	6
venio	VERB	35
mundus	NOUN	90
ego	PRON	363
nascor	VERB	59
perhibeo	VERB	10
testimonium	NOUN	13
sed	CCONJ	2168
determino	VERB	252
philosophia	NOUN	17
scientia	NOUN	279
quilibet	PRON	305
origo	NOUN	41
scilicet	ADV	370
sic	ADV	636
dispositio	NOUN	156
esse	NOUN	1121
idem	PRON	612
prosequor	VERB	16
contrarius	ADJ	220
refuto	VERB	1
excludo	VERB	102
medicina	NOUN	3
operor	VERB	220
aegritudo	NOUN	1
ita	ADV	436
praecipuus	ADJ	51
dissero	VERB	1
falsitas	NOUN	21
impugno	VERB	5
demonstro	VERB	53
ergo	ADV	697
os	NOUN	4
duplex	ADJ	84
verbum	NOUN	231
propono	VERB	71
eloquor	VERB	1
antonomasticus	ADJ	1
tango	VERB	40
error	NOUN	90
contra	ADP	122
designo	VERB	36
per	ADP	3455
religio	NOUN	4
pietas	NOUN	2
etiam	ADV	1068
assumo	VERB	27
impietas	NOUN	2
opus	NOUN	102
intentio	NOUN	167
studium	NOUN	25
perfectus	NOUN	468
sublimis	ADJ	10
utilis	ADJ	8
iucundus	ADJ	3
habeo	VERB	1646
in+quantum	SCONJ	468
do	VERB	178
in+tantum	ADV	4
beatitudo	NOUN	70
pars	NOUN	591
iam	ADV	120
aliqui	PRON	1425
beatus	ADJ	45
vir	NOUN	14
moror	VERB	2
accedo	VERB	34
similitudo	NOUN	388
facio	VERB	979
conjungo	VERB	94
dilectio	NOUN	2
deus	PROPN	2220
amicitia	NOUN	4
thesaurus	NOUN	8
infinitus	ADJ	333
particeps	ADJ	9
utor	VERB	85
facio	AUX	152
pervenio	VERB	114
regnum	NOUN	13
immortalitas	NOUN	4
concupiscentia	NOUN	9
deduco	VERB	8
perpetuus	ADJ	50
amaritudo	NOUN	1
conversatio	NOUN	7
nec	CCONJ	519
taedium	NOUN	1
convictus	ADJ	2
laetitia	NOUN	3
gaudium	NOUN	25
fiducia	NOUN	1
excedo	VERB	106
quamvis	SCONJ	147
proprius	ADJ	576
vis	NOUN	84
noster	DET	290
manifesto	VERB	15
profiteor	VERB	11
fides	NOUN	131
catholicus	ADJ	18
pro	ADP	68
modulus	NOUN	1
elimino	VERB	1
conscius	ADJ	1
hilarius	PROPN	6
vita	NOUN	227
debeo	VERB	209
loquor	VERB	62
sermo	NOUN	5
sensus	NOUN	253
singulus	ADJ	53
difficilis	ADJ	16
procedo	VERB	190
duo	NUM	171
nosco	VERB	79
erro	VERB	13
sacrilegus	ADJ	1
possum	VERB	2038
ratio	NOUN	940
destruo	VERB	23
antiquus	ADJ	25
doctor	NOUN	5
destructio	NOUN	3
gentilis	ADJ	7
positio	NOUN	92
scio	VERB	172
conversor	VERB	1
saltem	ADV	22
erudio	VERB	4
doctrina	NOUN	26
secundus	ADJ	323
mahumetista	PROPN	1
paganus	ADJ	1
auctoritas	NOUN	37
scriptura	PROPN	69
convinco	VERB	7
iudaeus	ADJ	6
disputo	VERB	2
testamentum	NOUN	5
vetus	ADJ	8
haereticus	ADJ	11
novus	ADJ	86
recipio	VERB	323
neuter	PRON	23
naturalis	ADJ	671
recurro	VERB	1
cogo	VERB	21
assentio	VERB	9
deficio	VERB	105
tamen	ADV	442
simul	ADV	184
investigo	VERB	19
concordo	VERB	14
quomodo	ADV	28
demonstrativus	ADJ	11
christianus	ADJ	16
possibilis	ADJ	537
disciplino	VERB	1
dictum	NOUN	20
tantum	ADV	312
tento	VERB	4
capio	VERB	23
permitto	VERB	3
quantum	ADV	304
natura	NOUN	873
introduco	VERB	21
boetius	PROPN	39
prior	ADJ	249
confiteor	VERB	14
nam	ADV	466
facultas	NOUN	20
humanus	ADJ	381
trinus	ADJ	1
hujusmodi	ADV	341
probo	VERB	251
duco	VERB	29
lumen	NOUN	96
appareo	VERB	186
aliquis	PRON	1215
intelligibilis	ADJ	503
ingenium	NOUN	8
penitus	ADV	17
evidens	ADJ	20
percipio	VERB	27
substantia	NOUN	1343
demonstratio	NOUN	48
quis	PRON	167
intelligo	VERB	1319
cognosco	VERB	884
si	SCONJ	1171
comprehendo	VERB	94
lapis	NOUN	46
puto	VERB	24
triangulus	ADJ	7
nullus	PRON	396
accido^cado	VERB	137
virtus	NOUN	936
incipio	VERB	92
cognitio	NOUN	539
praesens	ADJ	37
cado	VERB	30
colligo	VERB	15
nisi	SCONJ	838
sensibilis	ADJ	254
effectus	NOUN	513
aequo	VERB	4
attribuo	VERB	85
pervius	ADJ	4
omnino	ADV	148
adhuc	ADV	367
facilis	ADJ	27
gradus	NOUN	71
intueor	VERB	16
subtilis	ADJ	7
elevo	VERB	30
multus	ADJ	495
pateo	VERB	536
rusticus	ADJ	2
angelus	PROPN	149
quam	SCONJ	419
rudis	ADJ	1
idiota	NOUN	3
contineo	VERB	78
distantia	NOUN	27
limes	NOUN	6
species	NOUN	901
angelicus	ADJ	15
nobilis	ADJ	118
quanto	ADV	120
dignus	ADJ	18
anima	NOUN	1415
ascendo	VERB	3
amplus	ADJ	303
adaequo	VERB	19
capacitas	NOUN	15
seipse	PRON	330
sufficio	VERB	54
amentia	NOUN	1
stultitia	NOUN	1
magnus	ADJ	258
assero	VERB	11
falsus	ADJ	114
nimius	ADJ	3
suspicor	VERB	2
revelo	VERB	5
ministerium	NOUN	12
manifestus	ADJ	157
defectus	NOUN	98
experior	VERB	8
quotidie	ADV	7
proprietas	NOUN	55
ignoro	VERB	21
apprehendo	VERB	97
invenio	VERB	254
excello	VERB	13
consono	VERB	15
ens	NOUN	394
oculus	NOUN	44
vespertilio	NOUN	5
sol	NOUN	79
sacer	ADJ	40
iob	PROPN	24
forsitan	ADV	4
vestigium	NOUN	6
reperio	VERB	5
omnipotens	ADJ	11
usque	ADP	44
?	PUNCT	28
ecce	INTJ	3
vinco	VERB	6
statim	ADV	32
abjicio	VERB	8
manichaeus	PROPN	9
infidelis	ADJ	4
credo	VERB	42
existo	VERB	224
inquisitio	NOUN	15
uterque	PRON	162
ne	SCONJ	25
fors	NOUN	37
frustra	ADV	25
trado	VERB	36
supernaturalis	ADJ	8
inspiratio	NOUN	6
tres	NUM	54
inconveniens	NOUN	68
relinquo	VERB	119
solummodo	ADV	7
inquiro	VERB	24
insum	VERB	94
paucus	ADJ	29
fructus	NOUN	5
impedio	VERB	79
studiosus	ADJ	3
inventio	NOUN	4
siquidem	SCONJ	2
indispositio	NOUN	10
complexio	NOUN	36
indispositus	ADJ	3
attingo	VERB	24
summus	ADJ	146
consisto	VERB	142
necessitas	NOUN	298
familiaris	ADJ	2
temporalis	ADJ	8
administro	VERB	1
tantus	PRON	10
tempus	NOUN	206
expendo	VERB	2
otium	NOUN	2
contemplativus	ADJ	11
fastigium	NOUN	1
pigritia	NOUN	1
praecognosco	VERB	3
fere	ADV	2
metaphysicus	ADJ	41
remaneo	AUX	15
addisco	VERB	15
labor	NOUN	8
cum	ADP	201
volo	VERB	527
subeo	VERB	4
amor	NOUN	52
insero	VERB	1
appetitus	NOUN	115
mens	NOUN	78
vix	ADV	2
post	ADP	105
longus	ADJ	12
tum	CCONJ	25
profunditas	NOUN	1
idoneus	ADJ	3
via	NOUN	67
exercitium	NOUN	5
invenio	AUX	47
praeexigo	VERB	9
aptus	ADJ	8
iuventus	NOUN	6
fluctuo	VERB	1
dum	SCONJ	70
diversus	ADJ	364
motus	NOUN	586
passio	NOUN	119
tam	ADV	42
prudens	ADJ	3
quiesco	VERB	45
remaneo	VERB	111
genus	NOUN	332
tenebra	NOUN	11
ignorantia	NOUN	7
provenio	VERB	79
longitudo	NOUN	1
tertius	ADJ	164
admisceo	VERB	12
investigatio	NOUN	2
plerusque	DET	2
debilitas	NOUN	13
iudico	VERB	64
permixtio	NOUN	4
phantasma	NOUN	151
apud	ADP	49
dubitatio	NOUN	9
doceo	VERB	42
immisceo	VERB	4
aliquando	ADV	24
probabilis	ADJ	18
sophisticus	ADJ	2
interdum	ADV	25
reputo	AUX	6
figo	VERB	6
certitudo	NOUN	12
exhibeo	VERB	6
purus	ADJ	43
saluber	ADJ	1
provideo	VERB	16
clementia	NOUN	1
praecipio	VERB	10
teneo	VERB	34
absque	ADP	117
ambulo	VERB	7
gens	NOUN	14
vanitas	NOUN	3
obscuro	VERB	1
isaia	PROPN	14
filius	NOUN	49
tuus	DET	35
dominus	NOUN	102
fortasse	ADV	3
necessarius	ADJ	166
tendo	VERB	146
desiderium	NOUN	81
fragilitas	NOUN	1
providentia	NOUN	169
evoco	VERB	1
disco	VERB	4
desidero	VERB	81
status	NOUN	21
competo	VERB	108
promitto	VERB	7
spiritualis	ADJ	72
aeternus	ADJ	138
lex	NOUN	25
cura	NOUN	13
perduco	VERB	28
delectatio	NOUN	91
honestas	NOUN	2
potior	ADJ	23
delecto	VERB	16
gustus	NOUN	3
suavis	ADJ	2
vaco	VERB	1
activus	ADJ	188
quando	SCONJ	137
supra	ADP	527
cogito	VERB	21
firmo	VERB	4
opinio	NOUN	118
utilitas	NOUN	14
inde	ADV	36
repressio	NOUN	1
praesumptio	NOUN	3
mater	NOUN	11
praesumo	VERB	3
reputo	VERB	3
metior	VERB	1
aestimo	VERB	18
libero	VERB	2
animus	NOUN	5
modestus	ADJ	1
persuadeo	VERB	1
simonides	PROPN	1
praetermitto	VERB	6
applico	VERB	21
inquio	VERB	4
sapio	VERB	4
mortalis	ADJ	7
traho	VERB	24
immortalis	ADJ	17
amo	VERB	81
parum	NOUN	6
superus	ADJ	244
modicus	ADJ	7
magis	ADV	422
inferus	NOUN	260
contingo	VERB	164
corpus	NOUN	1595
quaestio	NOUN	53
caelestis	ADJ	218
solvo	VERB	23
parvus	ADJ	165
solutio	NOUN	27
topicus	ADJ	2
auditor	NOUN	1
vehemens	ADJ	10
confero	VERB	31
quantuscumque	PRON	22
imperfectus	ADJ	84
perfectio	NOUN	482
acquiro	VERB	79
plenus	ADJ	21
qualiscumque	PRON	7
tu	PRON	56
nemo	PRON	5
spiritus	NOUN	64
levitas	NOUN	3
adhibeo	VERB	16
praebeo	VERB	7
experimentum	NOUN	6
levis	ADJ	26
indoctus	ADJ	1
fabula	NOUN	5
secretum	NOUN	3
dignor	VERB	1
praesentia	NOUN	13
argumentum	NOUN	6
confirmo	VERB	30
visibilis	ADJ	56
supero	VERB	2
videlicet	ADV	2
curatio	NOUN	1
mirabilis	ADJ	13
languor	NOUN	1
suscitatio	NOUN	1
morior	VERB	16
immutatio	NOUN	7
consequor	VERB	323
repleo	VERB	5
donum	NOUN	5
sanctus	ADJ	35
facundia	NOUN	1
instans	NOUN	33
inspicio	VERB	13
convolo	VERB	1
efficacia	NOUN	33
probatio	NOUN	7
violentia	NOUN	21
arma	NOUN	3
promissio	NOUN	2
voluptas	NOUN	10
tyrannis	NOUN	1
persecutor	NOUN	1
innumerabilis	ADJ	1
turba	NOUN	1
cohibeo	VERB	2
contemno	VERB	2
miraculum	NOUN	6
cupio	VERB	1
invisibilis	ADJ	22
subito	ADV	4
neque	CCONJ	347
casus	NOUN	59
oraculum	NOUN	2
ante	ADP	85
propheta	NOUN	4
liber^volumen	NOUN	113
penes	ADP	3
veneratio	NOUN	1
utpote	ADV	29
confirmatio	NOUN	20
salus	NOUN	8
accipio	VERB	245
initium	NOUN	9
enarro	VERB	3
audio	VERB	11
contestor	VERB	1
signum	NOUN	57
portentum	NOUN	1
distributio	NOUN	2
varius	ADJ	7
conversio	NOUN	23
indicium	NOUN	3
certus	ADJ	29
praetereo	VERB	20
itero	VERB	4
induco	VERB	143
arduus	ADJ	1
spero	VERB	3
ignobilis	ADJ	8
cesso	VERB	22
secta	NOUN	1
mahumetus	PROPN	1
illicio	VERB	1
carnalis	ADJ	6
instigo	VERB	1
populus	NOUN	6
praeceptum	VERB	1
conformis	ADJ	6
relaxo	VERB	1
habena	NOUN	1
promptus	NOUN	2
obedio	VERB	9
documentum	NOUN	4
affero	VERB	9
mediocris	ADJ	1
quin	SCONJ	33
operatio	NOUN	593
inspiro	VERB	5
mitto	VERB	1
potentia	NOUN	955
desum	VERB	41
latro	NOUN	4
tyrannus	NOUN	1
exercito	VERB	1
bestialis	ADJ	1
desertum	NOUN	1
ignarus	ADJ	2
prorsus	ADV	1
praecedo	VERB	91
depravo	VERB	2
fabulosus	ADJ	1
narratio	NOUN	1
astutus	ADJ	1
consilium	NOUN	16
sequax	ADJ	3
lego	VERB	5
arguo	VERB	3
contrarior	VERB	6
indo	VERB	13
consto	VERB	55
insero^semino	VERB	1
fas	NOUN	2
impossibilis	ADJ	342
definitio	NOUN	66
discipulus	NOUN	15
fingo	VERB	10
nefas	NOUN	2
quisquis	PRON	80
revelatio	NOUN	3
ligo	VERB	5
nequeo	VERB	1
immitto	VERB	6
muto	VERB	42
maneo	VERB	101
apostolus	NOUN	30
prope	ADP	1
cor	NOUN	24
nonnullus	PRON	2
augustinus	PROPN	45
super	ADP	56
patefacio	VERB	1
adverto	VERB	5
sive	CCONJ	161
quicumque	PRON	165
rectus	ADJ	21
locus	NOUN	114
qualis	PRON	70
retineo	VERB	14
aliqualis	ADJ	30
imitatio	NOUN	5
insufficiens	ADJ	2
declaro	VERB	8
ago	VERB	870
agens	NOUN	744
semper	ADV	256
verisimilitudo	NOUN	1
exerceo	VERB	20
debilis	ADJ	10
dummodo	SCONJ	15
sententia	NOUN	39
procurro	VERB	1
persisto	VERB	1
etsi	SCONJ	62
gratulor	VERB	1
proficio	VERB	5
pius	ADJ	1
prodeo	VERB	9
infero	VERB	8
immergo	VERB	9
arcanus	ADJ	1
interminabilis	ADJ	1
nativitas	NOUN	3
intelligentia	NOUN	59
incomprehensibilis	ADJ	1
praemitto	VERB	125
industria	NOUN	4
diversimodus	NOUN	20
adversarius	NOUN	9
talis	PRON	292
verisimilis	ADJ	2
fidelis	ADJ	7
solatius	ADJ	1
insufficientia	NOUN	3
consentio	VERB	2
nitor	VERB	20
deinde	ADV	17
processus	NOUN	19
occurro	VERB	3
creatura	NOUN	326
tollo	VERB	59
superfluus	ADJ	8
video	AUX	52
terminus	NOUN	102
formo	VERB	61
nihil	PRON	358
resto	VERB	31
significatio	NOUN	20
cogito	AUX	9
propositio	NOUN	24
includo	VERB	25
praedicatum	NOUN	26
subjectum	NOUN	269
animalis	ADJ	14
prae	ADP	3
essentia	NOUN	533
ac	CCONJ	26
respondeo	VERB	88
an	SCONJ	13
at	CCONJ	1
lux	NOUN	65
perceptio	NOUN	3
opinor	VERB	13
existo	AUX	29
reprobatio	NOUN	1
consuetudo	NOUN	7
assuesco	VERB	2
invoco	VERB	2
puer	NOUN	20
imbuo	VERB	3
pueritia	NOUN	1
firmus	ADJ	10
distinguo	VERB	119
quoad	SCONJ	2
ignotus	ADJ	14
noctua	NOUN	5
concedo	VERB	15
iste	PRON	136
interpretatio	NOUN	1
damascenus	PROPN	7
profero	VERB	28
imperfectio	NOUN	21
incertitudo	NOUN	3
ratiocinor	VERB	11
quartus	ADJ	68
bonitas	NOUN	282
quintus	ADJ	35
causo	VERB	215
influentia	NOUN	25
inutilis	ADJ	1
conatus	NOUN	4
reddo	AUX	8
moveo	VERB	882
fulcimentum	NOUN	2
significo	VERB	182
removeo	VERB	89
quidditas	NOUN	82
posterus	ADJ	79
indemonstrabilis	ADJ	7
concludo	VERB	61
scibilis	ADJ	20
conor	VERB	9
apostolicus	ADJ	2
conspicio	AUX	1
subsisto	VERB	69
compositio	NOUN	93
significo	AUX	19
sub	ADP	192
exprimo	VERB	57
assumo	AUX	1
medius	ADJ	112
accipio	AUX	9
impono	VERB	37
remotio	NOUN	20
habitudo	NOUN	59
e	SCONJ	1
vanus	ADJ	12
quam	CCONJ	23
aristoteles	PROPN	209
utputa	SCONJ	2
aut	CCONJ	255
immobilis	ADJ	48
devenio	VERB	29
animal	NOUN	241
pes	NOUN	7
divisibilis	ADJ	17
suppono	VERB	42
quies	NOUN	17
obvio	VERB	13
iterum	ADV	53
accidens	NOUN	379
calumnior	VERB	1
avicenna	PROPN	28
dependeo	VERB	113
requiro	VERB	116
conclusio	NOUN	37
quasi	SCONJ	47
absolutus	ADJ	95
condicionalis	ADJ	8
antecedo	VERB	2
irrationalis	ADJ	12
asinus	NOUN	6
inductio	NOUN	6
gravis	ADJ	34
genero	VERB	200
prohibeo	VERB	64
actus	NOUN	1300
plato	PROPN	65
repugno	VERB	81
differo	VERB	116
finio	VERB	69
continuitas	NOUN	6
contiguatio	NOUN	2
mobilis	ADJ	63
continuatio	NOUN	22
physicus	NOUN	34
motio	NOUN	7
redeo	VERB	27
transmuto	VERB	18
instrumentalis	ADJ	23
pono	AUX	33
sine	ADP	167
albus	ADJ	47
musicus	ADJ	7
socrates	PROPN	17
fero	VERB	25
instantia	NOUN	1
altero	VERB	17
sano	VERB	15
augeo	VERB	21
abeo	VERB	7
reflexio	NOUN	3
compleo	VERB	73
immediatus	ADJ	83
licet	SCONJ	111
medio	VERB	56
exterior	ADJ	100
moveo	AUX	1
rationabilis	ADJ	11
corruptibilis	ADJ	78
reduco	VERB	113
sempiternus	ADJ	36
generatio	NOUN	264
generabilis	ADJ	26
perpetuitas	NOUN	7
cibus	NOUN	18
digero	VERB	4
aer	NOUN	88
orbis	NOUN	19
separo	VERB	543
appetibilis	ADJ	24
appeto	VERB	77
quodammodo	ADV	73
infirmo	VERB	4
suppositio	NOUN	25
aeternitas	NOUN	63
efficax	ADJ	10
planus	ADJ	6
produco	VERB	250
innovator	NOUN	1
educo	VERB	34
animo	VERB	37
disjunctio	NOUN	1
efficiens	ADJ	44
approximatio	NOUN	1
innuo	VERB	4
commentator	PROPN	33
dissono	VERB	1
tribuo	VERB	8
rarus	ADJ	7
condicio	NOUN	54
forma	NOUN	5102
immensitas	NOUN	2
notitia	NOUN	29
tanto	ADV	105
que	CCONJ	15
appropinquo	VERB	13
differentia	NOUN	123
colloco	VERB	7
addo	VERB	40
postmodum	ADV	32
perficio	VERB	140
completus	ADJ	54
distinctio	NOUN	124
affirmativus	ADJ	2
negativus	ADJ	7
contraho	VERB	22
designatio	NOUN	4
praeter	ADP	141
negatio	NOUN	24
cognosco	AUX	2
transmutatio	NOUN	31
patior	VERB	89
desino	VERB	42
mutatio	NOUN	81
immutabilis	ADJ	13
careo	VERB	46
mensuro	VERB	18
numerus	NOUN	154
successio	NOUN	36
aequalis	ADJ	45
approprio	VERB	5
aliunde	ADV	2
sempiternitas	NOUN	9
nego	VERB	20
eo	VERB	6
psalmus	PROPN	48
permaneo	VERB	14
annus	NOUN	3
passivus	ADJ	106
quandoque	ADV	100
participatio	NOUN	54
impassibilis	ADJ	7
exeo	VERB	16
nondum	ADV	43
materia	NOUN	1696
transcendo	VERB	16
subsistens	ADJ	132
immo	ADV	18
concretio	NOUN	4
emineo	VERB	11
concretus	NOUN	7
apto	VERB	10
dionysius	PROPN	46
affirmo	VERB	5
supereminentia	NOUN	1
relatio	NOUN	70
pluralitas	NOUN	22
simplicitas	NOUN	34
aequivocus	ADJ	22
calor	NOUN	87
calidus	ADJ	35
siccitas	NOUN	4
utpote	SCONJ	17
qualitas	NOUN	102
ignis	NOUN	220
efficio	VERB	34
imitor	VERB	17
cognoscitivus	ADJ	46
operativus	ADJ	23
unicus	ADJ	4
sensitivus	ADJ	121
potestas	NOUN	60
extendo	VERB	83
regius	ADJ	2
possideo	VERB	11
omnimodus	ADJ	4
prout	SCONJ	90
adapto	VERB	2
dies	NOUN	15
univocus	ADJ	48
praedicatio	NOUN	11
divido	VERB	67
particularis	ADJ	127
suscipio	VERB	26
domus	NOUN	81
dissimilis	ADJ	12
utrobique	ADV	6
constituo	VERB	87
participo	VERB	103
individuus	NOUN	84
partialis	ADJ	2
essentialis	ADJ	62
humanitas	NOUN	33
aequivocatio	NOUN	11
attendo	VERB	49
communitas	NOUN	8
ubi	SCONJ	39
unitas	NOUN	81
vox	NOUN	10
argumentatio	NOUN	2
vivo	VERB	111
inanimatus	ADJ	17
vivus	ADJ	16
convenio	AUX	1
analogicus	ADJ	6
sanus	ADJ	7
subjicio	VERB	41
effectivus	ADJ	8
conservativus	ADJ	2
urina	NOUN	1
refero	VERB	45
conceptio	NOUN	19
sanativus	ADJ	2
synonymus	ADJ	3
similo	VERB	14
multiplex	ADJ	22
adinvenio	VERB	4
enuntiatio	NOUN	3
compono	VERB	183
immaterialitas	NOUN	2
immaterialis	ADJ	70
verbalis	ADJ	1
nota	NOUN	3
identitas	NOUN	5
diversitas	NOUN	156
interpono	VERB	6
praepositio	NOUN	2
hic	ADV	17
reddo	VERB	16
ethici	PROPN	22
corruptio	NOUN	112
privatio	NOUN	167
malum	NOUN	429
oppono	VERB	56
ut	ADV	2
communicatio	NOUN	6
diffundo	VERB	12
meteori	PROPN	2
diffusivus	ADJ	2
diffusio	NOUN	4
israel	PROPN	5
rego	VERB	57
quaero	VERB	47
praeterea	ADV	337
participativus	ADJ	10
praesuppono	VERB	36
finalis	ADJ	12
dulcis	ADJ	3
extraneus	ADJ	13
intra	ADP	6
irrationalitas	NOUN	1
insensibilitas	NOUN	1
desisto	VERB	7
malitia	NOUN	8
nec	ADV	7
refugio	VERB	5
violentus	ADJ	25
canonicus	ADJ	3
iohannes	PROPN	5
ullus	PRON	8
absum	VERB	6
iniquitas	NOUN	5
ignio	VERB	4
ferrum	NOUN	9
visio	NOUN	116
moyses	PROPN	7
exodus	PROPN	4
par	ADJ	20
praeemineo	VERB	6
comparo	VERB	83
_	NOUN	7
niger	ADJ	15
superabundantia	NOUN	1
deus	NOUN	24
invicem	ADV	79
sufficiens	ADJ	38
continuus	ADJ	47
regularis	ADJ	6
irregularis	ADJ	1
remitto	VERB	9
conversus	ADJ	41
corporalis	ADJ	195
assimilo	VERB	52
exercitus	NOUN	10
dux	NOUN	8
unio	VERB	301
disjungo	VERB	2
iuvo	VERB	7
incorporeus	ADJ	28
ordinator	NOUN	9
gubernator	NOUN	11
compositum	NOUN	116
complementum	NOUN	25
accidentalis	ADJ	89
advenio	VERB	50
specifico	VERB	8
rationalis	ADJ	109
ubicumque	ADV	2
ambo	NOUN	7
additio	NOUN	25
admitto	VERB	4
substantialis	ADJ	312
signo	VERB	21
singularitas	NOUN	9
individuo	VERB	52
ibi	ADV	57
individuatio	NOUN	21
deitas	NOUN	15
divisio	NOUN	61
mensura	NOUN	29
convenientia	NOUN	24
principatus	NOUN	14
praesideo	VERB	3
monarchia	NOUN	1
membrum	NOUN	18
caput	NOUN	3
confiteor	AUX	1
confessio	NOUN	3
eloquium	NOUN	1
repello	VERB	7
ascribo	VERB	8
divinitas	NOUN	14
felicitas	NOUN	218
iudex	NOUN	5
alibi	ADV	7
arianus	PROPN	2
pater	NOUN	80
quantitas	NOUN	123
infinitas	NOUN	19
magnitudo	NOUN	16
completio	NOUN	8
albedo	NOUN	36
penso	VERB	5
actio	NOUN	496
moles	NOUN	1
privativus	ADJ	3
dimensivus	ADJ	7
numeralis	ADJ	1
subtractio	NOUN	13
inhaereo	VERB	21
terminatio	NOUN	7
termino	VERB	93
quominus	SCONJ	1
ceterus	DET	18
potentialitas	NOUN	10
actualitas	NOUN	5
permisceo	VERB	8
limito	VERB	17
excogito	VERB	15
ordinatio	NOUN	28
ultra	ADP	16
virtuosus	ADJ	9
calefacio	VERB	51
aqua	NOUN	71
disto	VERB	23
postquam	SCONJ	24
factor	NOUN	6
valeo	VERB	7
mundanus	ADJ	5
arbitror	AUX	1
imprimo	VERB	44
pulvis	NOUN	2
nihilominus	ADV	10
proportio	NOUN	53
praeexisto	VERB	61
praeintelligo	VERB	6
diuturnus	ADJ	4
diuturnitas	NOUN	2
ajo	VERB	3
psalmista	PROPN	2
laudabilis	ADJ	7
nimis	ADV	3
attestor	VERB	6
discerno	VERB	11
democritus	PROPN	3
atomus	ADJ	2
anaxagoras	PROPN	3
consimilis	ADJ	3
elementum	NOUN	100
confundo	VERB	5
apprehensio	NOUN	29
sensualis	ADJ	6
particulo	VERB	7
nunc	ADV	79
tamquam	SCONJ	31
reductio	NOUN	7
instrumentum	NOUN	97
abstractio	NOUN	10
intellectivus	ADJ	156
praestituo	VERB	8
institutor	NOUN	2
praebeo	AUX	1
derivo	VERB	15
universalitas	NOUN	6
fortis	ADJ	30
robur	NOUN	5
fortitudo	NOUN	13
o	ADV	2
altitudo	NOUN	10
divitiae	NOUN	17
invaleo	VERB	1
theos	PROPN	1
graecus	PROPN	9
transeo	VERB	34
extrinsecus	ADJ	31
calefactio	NOUN	16
invariabilis	ADJ	11
habeo	AUX	3
formalis	ADJ	103
intellectualis	ADJ	403
sentio	VERB	66
computo	VERB	2
patiens	ADJ	35
conformo	VERB	4
materialis	ADJ	198
efficio	AUX	28
objectum	NOUN	154
creo	VERB	368
scrutor	VERB	2
profundus	ADJ	3
proportiono	VERB	61
malus	ADJ	87
monstro	VERB	3
integro	VERB	3
nobilitas	NOUN	20
continentia	NOUN	3
prospicio	VERB	2
ostensio	NOUN	1
communicabilis	ADJ	9
nescio	VERB	5
quot	PRON	5
insipiens	ADJ	4
lis	NOUN	4
edoceo	VERB	1
cunctus	DET	17
valde	ADV	15
conspectus	NOUN	3
nudus	ADJ	6
aperio	VERB	9
superaddo	VERB	15
vito	VERB	3
idea	NOUN	40
extra	ADP	86
visus	NOUN	60
informo	VERB	27
indigeo	VERB	60
exequor	VERB	24
diligo	VERB	26
indifferens	ADJ	8
praesum	VERB	15
imaginatio	NOUN	39
considero	AUX	5
rursus	ADV	19
vario	VERB	15
subtraho	VERB	49
binarius	ADJ	3
ternarius	ADJ	2
complector	VERB	7
denarius	NOUN	2
novenarius	ADJ	1
exemplaris	ADJ	41
positivus	ADJ	1
clemens	ADJ	1
imitabilis	ADJ	2
planta	NOUN	38
assimilatio	NOUN	24
assimilabilis	ADJ	1
equus	NOUN	15
pluralis	ADJ	11
salvo	VERB	8
figuro	VERB	4
coloro	VERB	12
contrarietas	NOUN	31
postea	ADV	17
assum	VERB	40
imaginor	VERB	14
organum	NOUN	107
conservo	VERB	64
voluntas	NOUN	515
dirigo	VERB	41
comparatio	NOUN	39
successivus	ADJ	24
numquam	ADV	50
obumbratio	NOUN	1
vicissitudo	NOUN	3
habitualis	ADJ	14
habitus	NOUN	137
habilitatio	NOUN	1
aggregatio	NOUN	2
dormio	VERB	4
david	PROPN	1
dormito	VERB	1
custodio	VERB	3
lucidus	ADJ	11
luceo	VERB	10
discursivus	ADJ	10
ratiocinativus	ADJ	12
syllogizo	VERB	4
discurro	VERB	8
argumentor	VERB	7
dijudico	VERB	6
discursus	NOUN	12
ratiocinatio	NOUN	5
syllogismus	NOUN	6
defectivus	ADJ	4
nudo	VERB	1
seorsum	ADV	8
intuitus	NOUN	3
decipio	VERB	13
fallo	VERB	10
acceptio	NOUN	5
figura	NOUN	32
enuntiabilis	ADJ	6
cogitatio	NOUN	16
vester	DET	3
indivisibilis	ADJ	24
unitivus	ADJ	2
adaequatio	NOUN	2
exigo	VERB	21
incomplexus	ADJ	9
inaequalis	ADJ	5
aequalitas	NOUN	14
inaequalitas	NOUN	9
applicatio	NOUN	8
definio	VERB	15
cohaereo	VERB	1
insensibilis	ADJ	2
circulus	NOUN	14
commisceo	VERB	4
verax	ADJ	4
supervenio	VERB	10
stabilio	VERB	6
aestimatio	NOUN	12
deceptio	NOUN	11
compatior	VERB	8
nigredo	NOUN	2
sublimitas	NOUN	3
cognoscibilis	ADJ	19
artificiatum	NOUN	30
quantus	PRON	7
mentior	VERB	2
color	NOUN	59
arca	NOUN	3
septem	NUM	1
recedo	VERB	22
futurus	ADJ	32
evenio	VERB	25
conjecturalis	ADJ	1
infallibilis	ADJ	6
immutabilitas	NOUN	3
antequam	SCONJ	34
comprehensio	NOUN	4
mensuratio	NOUN	2
certificatio	NOUN	1
repudio	VERB	3
sextus	ADJ	20
vilitas	NOUN	7
redundo	VERB	7
vilis	ADJ	23
septimus	ADJ	9
exclusio	NOUN	5
alienus	ADJ	4
impar	ADJ	2
fons	NOUN	10
multiplico	VERB	60
quinque	NUM	3
practicus	ADJ	16
honorabilis	ADJ	8
incorruptibilis	ADJ	74
stella	NOUN	16
materialitas	NOUN	3
exuo	VERB	3
causalitas	NOUN	24
empedocles	PROPN	9
abscondo	VERB	4
memoro	VERB	2
objectio	NOUN	8
productivus	ADJ	5
exemplum	NOUN	15
praedicamentum	NOUN	17
quadratura	NOUN	2
artificio	VERB	3
effluo	VERB	10
constitutio	NOUN	7
repraesentatio	NOUN	9
totalis	ADJ	42
leo	NOUN	2
interimo	VERB	3
praenosco	VERB	2
astrologus	NOUN	5
eclipsis	NOUN	2
duratio	NOUN	18
-	PUNCT	23
coexisto	VERB	6
punctum	NOUN	13
praesentialis	ADJ	4
utcumque	ADV	4
circumferentia	NOUN	5
situs	NOUN	10
centrum	NOUN	5
oppositio	NOUN	4
decursus	NOUN	4
scio	AUX	1
indivisibilitas	NOUN	1
repraesentabilis	ADJ	1
obsisto	VERB	1
priusquam	SCONJ	1
uterus	NOUN	3
depereo	VERB	4
curro	VERB	8
fero	AUX	1
perago	VERB	1
cursus	NOUN	9
fundo	VERB	25
certitudinalis	ADJ	1
probabilitas	NOUN	2
proximus	ADJ	41
fructifico	VERB	1
intermedius	ADJ	9
contingentia	NOUN	17
cognitor	NOUN	4
variatio	NOUN	12
variabilitas	NOUN	1
variabilis	ADJ	5
locutio	NOUN	9
momentum	NOUN	4
existentia	NOUN	5
sedeo	VERB	7
consequentia	NOUN	3
transfero	VERB	8
categoricus	ADJ	1
oppugno	VERB	1
eventus	NOUN	2
monstrum	NOUN	2
saeculum	NOUN	15
quisquam	PRON	2
respicio	VERB	16
indico	VERB	4
fontalis	ADJ	1
affectio	NOUN	16
artificialis	ADJ	39
informatio	NOUN	4
inclinatio	NOUN	25
renes	NOUN	1
infernus	PROPN	3
perditio	NOUN	2
coram	ADP	7
dominium	NOUN	13
determinatio	NOUN	25
exemplo	VERB	5
quotlibet	ADJ	1
corrumpo	VERB	119
limpidus	ADJ	1
numeratio	NOUN	2
numero	VERB	16
implico	VERB	17
contradictio	NOUN	13
multiplicatio	NOUN	17
quare	ADV	20
interemptio	NOUN	1
influo	VERB	14
propinquitas	NOUN	5
improbo	VERB	20
abstraho	VERB	41
inclino	VERB	20
indebitus	ADJ	7
derogo	VERB	8
praehabeo	VERB	2
iudico	AUX	2
ubique	ADV	9
munditia	NOUN	3
incurro	VERB	2
inquino	VERB	2
objicio	VERB	20
mutuus	ADJ	5
tum	ADV	13
ibidem	ADV	10
nocumentum	NOUN	3
defensio	NOUN	2
vitupero	VERB	1
iudicium	NOUN	43
idest	ADV	36
delinquo	VERB	2
nonne	ADV	3
atque	CCONJ	8
separabilis	ADJ	4
expositio	NOUN	1
averroes	PROPN	24
cedo	VERB	10
cognoscibilitas	NOUN	1
expedio	VERB	3
quantum	SCONJ	4
lignum	NOUN	22
sensatus	ADJ	10
intelligo	AUX	12
conservatio	NOUN	26
appetitivus	ADJ	7
quieto	VERB	19
placeo	VERB	4
delectabilis	ADJ	20
speculativus	ADJ	72
motivus	NOUN	35
liber	ADJ	60
libertas	NOUN	13
voluntarius	ADJ	43
incido^cado	VERB	20
gigno	VERB	15
coordino	VERB	1
resisto	VERB	10
arbitror	VERB	7
assignatio	NOUN	3
quousque	SCONJ	6
caelum	NOUN	126
aequus	ADJ	4
melioro	VERB	1
augmentabilis	ADJ	1
multiplicabilis	ADJ	4
dulcedo	NOUN	3
odio	VERB	14
cognitivus	ADJ	2
semoveo	VERB	2
speculum	NOUN	24
praeostendo	VERB	2
intersum	VERB	5
fluo	VERB	23
specialis	ADJ	26
sortior	VERB	36
consurgo	VERB	5
casualis	ADJ	36
genesis	PROPN	1
complacentia	NOUN	1
relativus	ADJ	23
creator	NOUN	14
quod	PRON	4
miseria	NOUN	6
medicus	NOUN	12
medicamentum	NOUN	1
infirmus	ADJ	13
accresco	VERB	6
quinimmo	ADV	11
adjungo	VERB	36
participabilis	ADJ	3
stultus	ADJ	9
terra	NOUN	69
claritas	NOUN	13
ob	ADP	5
uterlibet	PRON	13
innaturalis	ADJ	7
dubito	VERB	3
assequor	VERB	13
eminentia	NOUN	6
mutabilitas	NOUN	3
praeaccipio	VERB	1
latus	NOUN	2
mathematicus	ADJ	8
triumphator	NOUN	2
flecto	VERB	4
poenitudo	NOUN	2
semel	ADV	4
minuo	VERB	11
abduco	VERB	3
electio	NOUN	52
repugnantia	NOUN	4
affirmatio	NOUN	6
assigno	VERB	23
decet	VERB	5
triplex	ADJ	10
decor	NOUN	10
munimentum	NOUN	1
decentia	NOUN	1
effundo	VERB	4
arbitrium	NOUN	49
spons	NOUN	2
impetus	NOUN	8
brutus	ADJ	42
affectus	NOUN	9
affectivus	ADJ	4
constrictio	NOUN	2
dilatatio	NOUN	2
connaturalis	ADJ	12
mors	NOUN	25
reprimo	VERB	1
regulo	VERB	3
incompetens	ADJ	3
tristitia	NOUN	14
dolor	NOUN	6
spes	NOUN	7
timor	NOUN	6
immineo	VERB	1
poenitentia	NOUN	10
importo	VERB	31
apprehendo	AUX	2
repraesento	VERB	35
invidia	NOUN	3
tristor	VERB	7
aestimo	AUX	4
ira	NOUN	8
vindicta	NOUN	4
quia	ADV	5
injurius	ADJ	1
fugio	VERB	10
conjunctio	NOUN	27
quietatio	NOUN	6
sufficientia	NOUN	4
gaudeo	VERB	13
pulcritudo	NOUN	12
impeditivus	ADJ	3
corrixor	VERB	1
figulus	NOUN	1
lucrum	NOUN	1
realis	ADJ	14
vinum	NOUN	10
bibo	VERB	6
societas	NOUN	4
intimus	ADJ	5
affinis	ADJ	4
(	PUNCT	44
)	PUNCT	44
inchoo	VERB	2
amicus	NOUN	2
collocutio	NOUN	1
orior	VERB	11
intensio	NOUN	14
remissio	NOUN	16
mutabilis	ADJ	12
procul	ADV	1
itaque	ADV	4
concupisco	VERB	4
improprius	ADJ	1
vigor	NOUN	5
fervens	ADJ	1
dexter	ADJ	3
ludo	VERB	4
peccator	NOUN	4
commemoro	VERB	1
caritas	NOUN	41
germen	NOUN	1
metaphoricus	ADJ	7
punio	VERB	5
iustitia	NOUN	56
irascor	VERB	7
exardeo	VERB	2
brevis	ADJ	1
misericors	ADJ	3
benevolentia	NOUN	2
misericordia	NOUN	3
miserator	NOUN	1
poeniteo	VERB	6
parco	VERB	2
approbo	VERB	2
nolo	VERB	3
aporior	VERB	1
perfectivus	ADJ	2
mos	NOUN	12
politicus	ADJ	9
temperantia	NOUN	7
audacia	NOUN	2
potus	NOUN	3
venereus	ADJ	7
sobrietas	NOUN	1
castitas	NOUN	1
honor	NOUN	24
victoria	NOUN	10
magnanimitas	NOUN	1
mansuetudo	NOUN	1
mansuetus	ADJ	1
moralis	ADJ	72
liberalitas	NOUN	8
magnificentia	NOUN	2
prudentia	NOUN	30
factibilis	ADJ	3
agibilis	ADJ	3
distribuo	VERB	7
iustus	ADJ	13
communico	VERB	50
exinde	ADV	4
commodus	ADJ	1
datio	NOUN	3
expecto	VERB	16
liberalis	ADJ	2
impleo	VERB	15
manus	NOUN	30
affluo	VERB	1
impropero	VERB	1
gero	VERB	10
obedientia	NOUN	5
latria	NOUN	1
consilior	VERB	5
inquisitivus	ADJ	1
ineo	VERB	2
instruo	VERB	5
eligo	VERB	19
occultatio	NOUN	1
occulo	VERB	3
littera	NOUN	12
satisfacio	VERB	2
consulo	VERB	1
commutatio	NOUN	2
retribuo	VERB	2
in+quantum	ADV	1
accepto	VERB	1
commutativus	NOUN	2
distributivus	ADJ	2
laudo	VERB	6
dignitas	NOUN	24
curvus	ADJ	2
nasus	NOUN	2
simus	ADJ	3
distributor	NOUN	1
pecunia	NOUN	5
extensio	NOUN	4
civitas	NOUN	13
candela	NOUN	2
dubius	ADJ	8
possessio	NOUN	4
eligibilis	ADJ	3
consortium	NOUN	5
frigidus	ADJ	12
aversio	NOUN	2
averto	VERB	3
mundus^purus	ADJ	1
confuto	VERB	3
talmut	PROPN	1
pecco	VERB	18
purgo	VERB	5
peccatum	NOUN	37
luciferianus	ADJ	1
dejectio	NOUN	1
lucifer	ADJ	1
odium	NOUN	9
parens	NOUN	2
poeta	NOUN	1
poema	NOUN	1
similitudinarius	ADJ	1
iuramentum	NOUN	13
mendax	ADJ	1
punitio	NOUN	2
esau	PROPN	2
perdo	VERB	3
mendacium	NOUN	3
abominor	VERB	1
sanguinus	ADJ	1
dolosus	ADJ	1
vulgus	NOUN	1
cisterna	NOUN	1
stagnum	NOUN	1
sto	VERB	22
argentum	NOUN	1
impello	VERB	4
praefero	VERB	7
exsulto	VERB	3
separatio	NOUN	14
adduco	VERB	11
maneo	AUX	14
fruor	VERB	12
quatuor	NUM	10
difficultas	NOUN	11
congregatio	NOUN	5
quandiu	SCONJ	18
protestor	VERB	2
excellentia	NOUN	13
propinquus	ADJ	51
consecutio	NOUN	6
incomparabilis	ADJ	2
aeternalis	ADJ	1
fatigatio	NOUN	5
occupatio	NOUN	2
interpolo	VERB	1
contemplatio	NOUN	19
subjaceo	VERB	17
terrenus	ADJ	3
umbra	NOUN	1
fama	NOUN	7
admixtio	NOUN	3
primatus	NOUN	3
regimen	NOUN	30
admiratio	NOUN	7
gloria	NOUN	39
amen	INTJ	2
seco	VERB	6
aedifico	VERB	2
aedificatio	NOUN	2
factio	NOUN	26
manufactus	ADJ	2
tracto	VERB	5
meditatio	NOUN	5
subjungo	VERB	20
instructio	NOUN	4
admiror	VERB	1
repraesentativus	ADJ	1
spargo	VERB	1
conforto	VERB	3
illuminatio	NOUN	11
auxilium	NOUN	5
nox	NOUN	5
adjuvo	VERB	3
pario	VERB	1
reverentia	NOUN	3
miror	VERB	1
quoniam	SCONJ	13
conspicio	VERB	3
quoque	ADV	2
timeo	VERB	5
rex	NOUN	15
accendo	VERB	4
aduno	VERB	3
allicio	VERB	1
suavitas	NOUN	1
fontanus	ADJ	1
rivulus	NOUN	1
inflammo	VERB	1
factura	NOUN	1
inebrio	VERB	2
ubertas	NOUN	2
poto	VERB	2
torreo	VERB	2
transformo	VERB	3
speculor	VERB	4
facies	NOUN	20
imago	NOUN	36
memor	NOUN	1
annuncio	VERB	3
perverto	VERB	4
cito	VERB	1
gyrus	NOUN	1
luna	NOUN	12
incommunicabilis	ADJ	2
labor	VERB	2
creatio	NOUN	94
detraho	VERB	1
soleo	VERB	4
consummo	VERB	8
astrum	NOUN	3
metuo	VERB	2
existimo	VERB	5
quisque	PRON	1
narro	VERB	4
comminor	VERB	1
poena	NOUN	8
theologus	NOUN	3
resulto	VERB	22
sursum	ADV	14
imputo	VERB	4
linea	NOUN	12
geometer	NOUN	1
deservio	VERB	10
prosecutio	NOUN	1
productio	NOUN	46
conduco	VERB	1
inscrutabilis	ADJ	1
magnalia	NOUN	1
novem	NUM	1
computo	AUX	2
praejudico	VERB	2
multiplicitas	NOUN	5
principio	VERB	2
converto	VERB	41
oratio	NOUN	18
denominativus	ADJ	1
denomino	VERB	15
alicubi	ADV	3
denomino	AUX	6
paternitas	NOUN	12
cointelligo	VERB	2
superficies	NOUN	9
angulus	NOUN	4
misceo	VERB	60
analogia	NOUN	8
minoro	VERB	4
integer	ADJ	2
praepono	VERB	3
urbs	NOUN	1
factivus	ADJ	13
virtualis	ADJ	7
semen	NOUN	94
mare	NOUN	7
praejaceo	VERB	16
superinduco	VERB	2
proportionalis	ADJ	14
inchoatio	NOUN	11
receptio	NOUN	26
innovatio	NOUN	3
augmentum	NOUN	16
alteratio	NOUN	39
latio	NOUN	1
duro	VERB	10
dependentia	NOUN	3
statuo	VERB	12
increatus	ADJ	10
localis	ADJ	22
pertranseo	VERB	6
medietas	NOUN	1
illumino	VERB	25
diaphanus	ADJ	15
illuminabilis	ADJ	1
pronuncio	VERB	2
expono	VERB	7
basilius	PROPN	1
renovatio	NOUN	2
instituo	VERB	35
contactus	NOUN	15
tactus	NOUN	22
actualis	ADJ	7
primarius	ADJ	3
dissolvo	VERB	5
serra	NOUN	12
scamnum	NOUN	7
sectio	NOUN	2
digestio	NOUN	4
subsisto	AUX	1
individualis	ADJ	26
diabolus	PROPN	4
oportet	AUX	1
induro	VERB	1
lutum	NOUN	1
cera	NOUN	3
aedificativus	ADJ	2
otiosus	ADJ	2
subsum	VERB	13
affinitas	NOUN	2
carpentarius	ADJ	1
dissimilitudo	NOUN	2
os^oris	NOUN	2
lucas	PROPN	2
evacuo	VERB	2
impedimentum	NOUN	23
comburo	VERB	7
sagitta	NOUN	6
directio	NOUN	4
sagitto	VERB	6
vegetabilis	ADJ	16
synodus	NOUN	1
mechanicus	ADJ	1
aedificium	NOUN	2
artificium	NOUN	7
oblivio	NOUN	3
fatigo	VERB	2
obliviscor	VERB	3
sono	VERB	2
particula	NOUN	3
contradictorius	ADJ	2
caecus	ADJ	7
logicus	ADJ	2
geometria	NOUN	1
arithmeticus	NOUN	1
praedicabilis	ADJ	2
rectilineus	ADJ	1
praescio	VERB	2
dimitto	VERB	5
coarcto	VERB	8
quantuslibet	PRON	2
adjectio	NOUN	2
quotcumque	ADJ	1
finitas	NOUN	3
arcto	VERB	2
aedificatorius	ADJ	1
ordinatus	ADJ	1
pondus	NOUN	2
debitum	NOUN	33
mereo	VERB	9
laboro	VERB	4
retributor	NOUN	1
debitor	NOUN	7
minister	NOUN	26
famulatus	NOUN	1
benefactor	NOUN	1
beneficium	NOUN	3
gratia	NOUN	77
condecentia	NOUN	2
ius	NOUN	2
largus	ADJ	2
condecet	VERB	2
conditiono	VERB	4
merus	ADJ	2
adjumentum	NOUN	1
intrinsecus	ADJ	16
triangularis	ADJ	1
unde	SCONJ	1
propagatio	NOUN	2
immuto	VERB	9
condo	VERB	11
fateor	VERB	1
absolvo	VERB	4
possibilitas	NOUN	9
susceptivus	ADJ	16
esse	VERB	1
elementatus	ADJ	3
mistio	NOUN	19
commixtio	NOUN	14
complexiono	VERB	4
organizo	VERB	3
humor	NOUN	8
durus	ADJ	1
perceptibilis	ADJ	2
disciplina	NOUN	2
utrum	ADV	51
congrego	VERB	7
navis	NOUN	16
adunatio	NOUN	2
lana	NOUN	1
liquefacio	VERB	1
projicio	VERB	5
impressio	NOUN	34
gravitas	NOUN	5
ferreus	ADJ	1
pendeo	VERB	2
iter	NOUN	1
combustibilis	ADJ	3
interior	ADJ	13
expergiscor	VERB	1
retardo	VERB	4
sublatio	NOUN	1
opportunus	ADJ	1
imperium	NOUN	12
incompletus	ADJ	8
praeeligo	VERB	1
praeeminentia	NOUN	2
praeelectio	NOUN	1
praeeligibilis	ADJ	1
uniformis	ADJ	10
4-O--------	X	4
quandocumque	SCONJ	8
verifico	VERB	6
infirmitas	NOUN	13
sapor	NOUN	2
erroneus	ADJ	2
contradico	VERB	4
coepio	VERB	3
novitas	NOUN	7
praescribo	VERB	4
potio	NOUN	2
secus	ADP	7
decido^cado	VERB	3
melioratio	NOUN	1
pugno	VERB	4
excessus	NOUN	3
obligo	VERB	2
impossibilitas	NOUN	2
pungo	VERB	1
signo	AUX	1
appono	VERB	11
radix	NOUN	8
perquiro	VERB	2
densus	ADJ	2
ingredior	VERB	4
processio	NOUN	5
metaphora	NOUN	2
commensurabilis	ADJ	1
diametros	NOUN	1
circulatio	NOUN	4
usquequaque	ADV	2
solidus	ADJ	2
hemisphaerium	ADJ	1
transitus	NOUN	2
baculus	NOUN	1
revertor	VERB	2
quod	X	2
distinctivus	ADJ	1
indeterminatus	ADJ	3
totalitas	NOUN	10
subdo	VERB	31
raritas	NOUN	3
densitas	NOUN	2
fortuitus	ADJ	15
leucippus	PROPN	1
concursus	NOUN	8
indivisus	ADJ	2
creo	AUX	4
fodio	VERB	1
planto	VERB	1
privo	VERB	26
pax	NOUN	5
paupertas	NOUN	1
nocivus	ADJ	3
lupus	NOUN	5
ovis	NOUN	3
corruptivus	ADJ	3
amos	PROPN	2
gregorius	PROPN	21
flagellum	NOUN	1
pythagoras	PROPN	2
marchius	PROPN	1
marchianus	ADJ	1
haeresis	NOUN	3
cerdonianus	PROPN	1
marchianista	PROPN	1
absurdus	ADJ	7
frenifactrix	NOUN	1
civilis	ADJ	9
obsto	VERB	5
ingenerabilis	NOUN	2
fabrico	VERB	3
aes	NOUN	6
inventor	NOUN	1
simon	PROPN	1
magus	NOUN	1
modernus	ADJ	2
elementaris	ADJ	17
institutio	NOUN	13
praeexistentia	NOUN	1
gleba	NOUN	1
acquisitio	NOUN	2
cujusmodi	ADV	2
corporeus	ADJ	69
formatio	NOUN	19
christus	ADJ	114
meritum	NOUN	23
demeritum	NOUN	4
supersum	VERB	1
origenes	PROPN	13
obscurus	ADJ	2
barbarus	NOUN	1
adhaereo	VERB	2
subsequor	VERB	2
daemon	PROPN	10
specificus	ADJ	25
phantasia	NOUN	10
os^ossis	NOUN	16
vestio	VERB	5
flexibilis	ADJ	2
sidereus	ADJ	3
pythagoricus	ADJ	2
resumo	VERB	2
resurrectio	NOUN	6
depono	VERB	2
condivido	VERB	1
uniformitas	NOUN	2
descendo	VERB	11
consonus	ADJ	3
perpendo	VERB	2
retributio	NOUN	2
diminuo	VERB	19
aedificator	NOUN	10
tego	VERB	1
ruinosus	ADJ	1
varietas	NOUN	2
una	NUM	1
interventus	NOUN	1
vertex	NOUN	1
circularis	ADJ	7
erga	ADP	1
igneus	ADJ	2
4-O--------	SCONJ	1
deorsum	ADV	10
concupiscibilis	ADJ	10
irascibilis	ADJ	8
aestimatorius	ADJ	1
apprehensivus	ADJ	17
reflecto	VERB	4
existimatio	NOUN	1
offero	VERB	4
commensuratio	NOUN	9
amitto	VERB	22
ambitus	NOUN	3
consuesco	VERB	6
effigio	VERB	1
dimensio	NOUN	27
defero	VERB	9
expello	VERB	10
radius	NOUN	3
incorporalis	ADJ	5
diversifico	VERB	12
bos	NOUN	3
constitutivus	ADJ	6
divisivus	ADJ	1
ubi	ADV	23
inseparabilis	ADJ	3
rotundus	ADJ	4
rotunditas	NOUN	1
frigus	NOUN	10
fulgidus	ADJ	1
auditus	NOUN	9
sonus	ADJ	11
perfectibilis	ADJ	17
sedo	VERB	1
permutatio	NOUN	2
inanis	ADJ	11
perpetuo	VERB	3
occisio	NOUN	1
pasco	VERB	1
carentia	NOUN	10
praeambulus	ADJ	1
generativus	ADJ	9
connumero	VERB	4
indeficiens	ADJ	7
imminorabilis	ADJ	1
instabilis	ADJ	5
miscibilis	ADJ	1
confusio	NOUN	2
colligatio	NOUN	1
contristo	VERB	2
porrigo	VERB	2
incedo	VERB	2
possum	AUX	2
nauta	NOUN	3
evito	VERB	3
petrus	PROPN	5
indumentum	NOUN	5
egredior	VERB	6
impulsus	NOUN	2
subsistentia	NOUN	5
irrationabilis	ADJ	8
improbabilis	ADJ	1
discordo	VERB	3
abscessus	NOUN	1
vestimentum	NOUN	7
animatio	NOUN	2
conjungo	AUX	1
nutritivus	ADJ	26
sensifico	VERB	1
vinculum	NOUN	2
discedo	VERB	4
cerebrum	NOUN	1
hepar	NOUN	1
decido^caedo	VERB	11
nutrio	VERB	18
germino	VERB	1
radico	VERB	3
dogma	NOUN	4
scribo	VERB	3
iacob	PROPN	5
syrus	PROPN	1
sanguis	NOUN	27
ministro	VERB	8
vivifico	VERB	9
semetipse	PRON	12
adinventio	NOUN	1
sustineo	VERB	10
voco	VERB	12
immixtus	ADJ	10
pupilla	NOUN	2
continuo	VERB	37
visivus	ADJ	11
frivolus	ADJ	4
correspondeo	VERB	2
nutritio	NOUN	3
largior	VERB	8
cogitativus	ADJ	21
aestimativus	ADJ	1
praeparo	VERB	30
imaginativus	ADJ	4
memorativus	ADJ	9
sedes	NOUN	2
cellula	NOUN	1
abusivus	ADJ	2
memoria	NOUN	11
rhetoricus	ADJ	2
destructivus	ADJ	1
multimodus	ADJ	1
non	SCONJ	1
progressivus	ADJ	4
nequaquam	ADV	7
abundo	VERB	3
superfluo	VERB	1
praesto	VERB	8
organicus	ADJ	9
exemplar	NOUN	12
translatio	NOUN	1
capitulum	NOUN	2
perspectivus	ADJ	3
alieno	VERB	1
aufero	VERB	7
volatilis	ADJ	3
gressibilis	ADJ	1
textus	NOUN	1
ficticius	ADJ	1
alexander	PROPN	23
aspectus	NOUN	3
odor	NOUN	2
praeparatio	NOUN	24
receptivus	ADJ	6
tabula	NOUN	1
concausa	NOUN	1
depuro	VERB	1
diaphanitas	NOUN	1
galenus	PROPN	3
cholericus	ADJ	2
melancholicus	ADJ	1
dominor	VERB	10
abstineo	VERB	4
refraeno	VERB	2
fervor	NOUN	1
harmonia	NOUN	16
nyssenus	PROPN	7
dinarchus	PROPN	1
nervus	NOUN	3
reprobo	VERB	2
decisio	NOUN	13
persona	NOUN	86
fumus	NOUN	2
flatus	NOUN	1
naris	NOUN	1
scintilla	NOUN	1
nidifico	VERB	1
hirundo	NOUN	3
obiectum	NOUN	1
persequor	VERB	2
imaginarius	ADJ	4
iumentum	NOUN	4
volucer	ADJ	2
congruentia	NOUN	5
connexio	NOUN	1
ostrea	NOUN	2
astringo	VERB	1
horizon	NOUN	2
confinis	ADJ	3
superexcedo	VERB	3
humidus	ADJ	4
siccus	ADJ	5
adamas	NOUN	1
infrigido	VERB	3
quoad	ADP	1
immotus	ADJ	2
desiderabilis	ADJ	6
enchiridion	PROPN	1
sidus	NOUN	1
abscedo	VERB	7
bicubitus	ADJ	1
tricubitus	ADJ	1
auris	NOUN	2
occasio	NOUN	9
tibicen	NOUN	2
reprehendo	VERB	1
susceptibilis	ADJ	2
canis	NOUN	1
responsio	NOUN	11
aboleo	VERB	2
in	SCONJ	2
desicco	VERB	3
calefactibilis	ADJ	1
grammaticus	NOUN	3
inopinabilis	ADJ	1
promo	VERB	2
promptitudo	NOUN	1
mollis	ADJ	2
terribilis	ADJ	2
tolero	VERB	2
excito	VERB	5
rememoror	VERB	1
denudo	VERB	7
obviatio	NOUN	1
resplendeo	VERB	4
accommodus	ADJ	1
phreneticus	ADJ	3
lethargicus	ADJ	2
inimicitia	NOUN	1
illustro	VERB	4
emanatio	NOUN	2
recessus	NOUN	6
expergefacio	VERB	1
reminiscor	VERB	9
capax	ADJ	6
magister	NOUN	9
transfundo	VERB	4
solubilis	ADJ	1
intelligibilitas	NOUN	3
aptitudo	NOUN	7
medicativus	ADJ	1
medicinus	ADJ	3
curo	VERB	9
ejusmodi	ADV	2
platonicus	ADJ	17
intercido^caedo	VERB	3
inscius	ADJ	1
frigiditas	NOUN	3
susceptio	NOUN	8
putrefactio	NOUN	3
propheto	VERB	1
munus	NOUN	2
laus	NOUN	8
vituperium	NOUN	1
pereo	VERB	4
forsan	ADV	1
praesento	VERB	2
principalitas	NOUN	2
passibilis	ADJ	4
mirus	ADJ	2
scilicet	CCONJ	2
tempero	VERB	4
deficientia	NOUN	2
debilito	VERB	10
restauro	VERB	3
reparo	VERB	2
senex	ADJ	1
iuvenis	ADJ	3
utique	ADV	3
senium	NOUN	1
perscrutor	VERB	1
generalitas	NOUN	1
substantivus	ADJ	12
vivax	ADJ	1
arabs	PROPN	1
intervallum	NOUN	1
zeno	PROPN	1
salomon	PROPN	5
interitus	NOUN	1
spiro	VERB	3
donec	SCONJ	2
coapto	VERB	3
alioqui	ADV	13
commensuro	VERB	4
intereo	VERB	3
algazel	PROPN	1
professor	NOUN	3
describo	VERB	9
ingenitus	ADJ	2
stramentum	NOUN	1
expleo	VERB	5
uber	ADJ	1
habilis	ADJ	6
retraho	VERB	2
perturbatio	NOUN	3
fumositas	NOUN	1
syncopizo	VERB	1
extasis	NOUN	1
retractio	NOUN	1
immeritus	ADJ	3
abundus	ADJ	1
succedo	VERB	10
indelebilis	ADJ	1
caveo	VERB	1
admirabilis	ADJ	1
palam	ADV	2
nidus	NOUN	2
araneus	NOUN	1
tela	NOUN	1
indicativus	ADJ	7
permanentia	NOUN	1
vitalis	ADJ	2
abstractus	ADJ	11
adminiculum	NOUN	4
brutalis	ADJ	4
incorruptibilitas	NOUN	4
ostendo	AUX	3
tot	PRON	5
requiesco	VERB	2
patro	VERB	2
observo	VERB	7
curriculum	NOUN	1
alligo	VERB	5
hodie	ADV	1
subnitor	VERB	1
executio	NOUN	16
subjectus	ADJ	5
senectus	ADJ	1
alteritas	NOUN	1
spontaneus	ADJ	1
subverto	VERB	1
incontinens	ADJ	4
emo	VERB	2
forum	NOUN	4
creditor	NOUN	1
condico	VERB	1
promoveo	VERB	1
detrimentum	NOUN	2
nobilito	VERB	2
carcer	NOUN	1
adversor	VERB	1
poenalis	ADJ	1
servio	VERB	4
plenarius	ADJ	1
interrogo	VERB	5
series	NOUN	1
deinceps	ADV	2
quousque	ADV	1
reitero	VERB	1
redeo	AUX	4
peto	VERB	2
contentivus	ADJ	2
consummatio	NOUN	3
cessatio	NOUN	1
excipio	VERB	2
impartibilis	ADJ	1
pullulo	VERB	1
spatium	NOUN	1
distendo	VERB	1
praesertim	ADV	3
coadjuvo	VERB	1
limus	NOUN	3
spiraculum	NOUN	3
emitto	VERB	3
consubstantialitas	NOUN	1
sino	VERB	3
insufflo	VERB	1
traduco	VERB	3
semino	VERB	1
coitus	NOUN	2
traductio	NOUN	8
anulosus	ADJ	3
posse	VERB	1
formativus	ADJ	5
ridiculus	ADJ	4
apollinaris	ADJ	2
reptilis	ADJ	1
fetus	NOUN	3
cooperor	VERB	10
adulter	NOUN	5
inscribo	VERB	1
seminativus	ADJ	1
triticum	NOUN	1
herba	NOUN	2
culmus	NOUN	2
internodium	NOUN	2
arista	NOUN	1
protendo	VERB	1
figuratio	NOUN	1
tandem	ADV	1
configuro	VERB	6
sigillum	NOUN	2
configuratio	NOUN	2
mando	VERB	2
exanimis	ADJ	1
calesco	VERB	1
infundo	VERB	5
generalis	ADJ	6
embryo	NOUN	7
intraneus	ADJ	2
nutrimentum	NOUN	5
organizatio	NOUN	1
impertinens	ADJ	1
pollutio	NOUN	1
conceptus	NOUN	1
organizabilis	ADJ	1
influxus	NOUN	4
spumosus	ADJ	1
augmentativus	ADJ	2
vicinus	ADJ	5
interrumpo	VERB	2
propago	VERB	1
vegetativus	ADJ	1
resolvo	VERB	5
consumo	VERB	7
dispositivus	ADJ	1
fenum	NOUN	1
octavus	ADJ	5
nonus	ADJ	2
decimus	ADJ	2
undecimus	ADJ	3
tunc	CCONJ	1
duodecimus	ADJ	1
derelinquo	VERB	3
temperamentum	NOUN	1
mollities	NOUN	1
etenim	SCONJ	1
mineralis	ADJ	3
mortifico	VERB	1
discretivus	ADJ	2
praeservatio	NOUN	1
decrementum	NOUN	2
terminabilis	ADJ	2
apulejus	PROPN	1
daemonium	ADJ	1
aereus^aer	ADJ	1
cultus	NOUN	2
immunitas	NOUN	2
reliquus	DET	3
sadducaeus	PROPN	1
trinitas	PROPN	17
deprehendo	VERB	4
incognitus	ADJ	1
impero	VERB	10
elevatio	NOUN	1
explicabilis	ADJ	3
producibilis	ADJ	1
notabilis	ADJ	1
velocitas	NOUN	2
mille	NUM	5
assisto	VERB	1
decem	ADV	1
centum	NUM	1
sphaera	NOUN	2
rabbi	PROPN	2
adjicio	VERB	1
numquis	PRON	2
hierarchia	NOUN	13
objicio	NOUN	1
adjaceo	VERB	2
quivis	PRON	4
comprehensivus	ADJ	1
coaequo	VERB	1
adeo	ADV	4
tardus	ADJ	1
illabor	VERB	1
resolutio	NOUN	7
quidem	SCONJ	1
renovo	VERB	2
plebs	NOUN	3
mons	NOUN	2
abundantia	NOUN	2
comprobo	VERB	1
effector	NOUN	1
rector	NOUN	2
excuso	VERB	5
exorbito	VERB	3
suppleo	VERB	1
profectus	NOUN	3
compenso	VERB	1
evado	VERB	1
servo	VERB	33
productor	NOUN	1
adipiscor	VERB	9
infrigidatio	NOUN	1
sanatio	NOUN	2
praeconcipio	VERB	3
praeconceptio	NOUN	1
oliva	NOUN	2
partus	NOUN	5
monstruosus	ADJ	7
ludicer	ADJ	3
contemplatorius	ADJ	1
attentio	NOUN	4
confricatio	NOUN	2
barba	NOUN	2
ludus	NOUN	2
studeo	VERB	2
inordinatio	NOUN	9
pruritus	NOUN	1
fortuna	NOUN	14
frequens	ADJ	14
folium	NOUN	1
protego	VERB	2
curvitas	NOUN	4
crus	NOUN	2
claudicatio	NOUN	4
comedo	VERB	5
mel	NOUN	2
fel	NOUN	1
injustus	ADJ	8
stupro	VERB	1
legislator	NOUN	1
ala	NOUN	1
capillus	NOUN	1
flavus	ADJ	1
avis	NOUN	2
stringo	VERB	1
sin	ADV	1
potatio	NOUN	1
ebrietas	NOUN	1
comitor	VERB	2
femina	NOUN	2
adulterium	NOUN	2
interficio	VERB	1
merx	NOUN	3
projectio	NOUN	3
inordinatus	ADJ	6
caliditas	NOUN	9
vitium	NOUN	17
modero	VERB	5
prodigalitas	NOUN	1
illiberalitas	NOUN	2
decem	NUM	4
masculinus	ADJ	1
quadro	VERB	1
sinister	ADJ	1
femininus	ADJ	2
diminutio	NOUN	9
impotens	ADJ	1
caecitas	NOUN	6
paries	NOUN	6
tenebrosus	ADJ	2
obstaculum	NOUN	1
decoctio	NOUN	2
indigestus	ADJ	1
tibia	NOUN	2
indigestio	NOUN	1
culpa	NOUN	12
ignoscentia	NOUN	1
executivus	ADJ	2
immunis	ADJ	4
impraemeditatus	ADJ	1
siquidem	ADV	1
deflecto	VERB	1
prorumpo	VERB	1
noceo	VERB	5
ablatio	NOUN	2
bicubitalis	ADJ	1
dimidius	ADJ	5
residuus	ADJ	2
furtum	NOUN	1
committo	VERB	3
aegrotus	NOUN	1
extenuo	VERB	2
extenuatio	NOUN	1
purgatio	NOUN	1
honestus	ADJ	1
intendo	AUX	1
alpha	NOUN	1
pugna	NOUN	2
miles	NOUN	3
elargior	VERB	1
constituo	AUX	2
plenitudo	NOUN	5
adimpleo	VERB	2
spolio	VERB	2
resto	AUX	1
cooperator	NOUN	1
adjutor	VERB	1
transmutativus	ADJ	1
vel	SCONJ	2
indignus	ADJ	4
perpetuatio	NOUN	1
aequiparantia	NOUN	1
item	SCONJ	1
demum	ADV	1
sustento	VERB	4
congruus	ADJ	10
esus	NOUN	1
vestitus	NOUN	2
instituo	AUX	1
lac	NOUN	2
conquiro	VERB	1
vehiculum	NOUN	1
celeritas	NOUN	1
congruo	VERB	13
difformitas	NOUN	2
accessus	NOUN	6
occido^cado	VERB	2
conformitas	NOUN	8
impulsio	NOUN	1
proles	NOUN	2
diligibilis	ADJ	4
frustro	VERB	1
relevo	VERB	1
speculatio	NOUN	5
praeceptivus	ADJ	2
milito	VERB	1
consensus	NOUN	6
lateo	VERB	4
philosophor	VERB	2
sisto	VERB	1
velox	ADJ	3
affecto	VERB	1
speculabilis	ADJ	1
pingo	VERB	1
propono	AUX	3
concomitor	VERB	8
habitatio	NOUN	2
apodiacula	NOUN	1
sustentatio	NOUN	2
comestio	NOUN	2
adeptio	NOUN	4
felix	ADJ	12
noxius	ADJ	1
appropinquatio	NOUN	1
epicureus	ADJ	1
sors	NOUN	1
cerinthianus	PROPN	1
venter	NOUN	1
fabulor	AUX	1
chiliasta	PROPN	1
millenarius	ADJ	1
appello	AUX	1
saracenus	PROPN	1
praemium	NOUN	8
honoro	VERB	7
celebritas	NOUN	2
tullius	PROPN	1
ambrosius	ADJ	2
clarus	ADJ	4
innotesco	VERB	8
minus	ADJ	2
stabilis	ADJ	4
constantia	NOUN	1
involuntarius	ADJ	1
inconstantia	NOUN	1
robustus	ADJ	3
ordinabilis	ADJ	3
bello	VERB	1
modificatio	NOUN	1
operabilis	ADJ	5
egeo	VERB	2
incolumitas	NOUN	1
contemplor	VERB	6
vituperabilis	ADJ	2
stoliditas	NOUN	1
stolidus	ADJ	1
orbo	VERB	2
miser	ADJ	1
evidentia	NOUN	5
assensus	NOUN	2
peregrinor	VERB	1
habito	VERB	4
avempace	PROPN	2
extraho	VERB	2
parvus	X	1
agens	VERB	1
notifico	VERB	1
copulo	VERB	11
audeo	VERB	1
perio	VERB	1
confingo	VERB	1
expositor	NOUN	1
themistius	PROPN	1
obligatio	NOUN	1
suppono	AUX	1
velut	ADV	2
cerno	VERB	1
dignosco	VERB	1
connaturalitas	NOUN	1
raptus	NOUN	1
aspicio	VERB	1
incommutabilis	ADJ	5
soliloquia	PROPN	3
profecto	ADV	1
glossa	PROPN	2
credo	AUX	1
resulto	AUX	1
spectamen	NOUN	1
solaris	ADJ	4
aenigma	NOUN	2
umquam	ADV	7
stabilitas	NOUN	4
chamaeleon	NOUN	1
infortunium	NOUN	2
aetas	NOUN	1
aestus	NOUN	2
fames	NOUN	1
sitis	NOUN	1
inquieto	VERB	1
recogito	VERB	1
amissio	NOUN	2
morbus	NOUN	1
phrenesis	NOUN	1
annecto	VERB	2
implebilis	ADJ	1
superinvenio	VERB	1
satis	ADV	6
angustia	NOUN	3
praeclarus	ADJ	1
merces	NOUN	1
indago	NOUN	1
velut	CCONJ	1
superemineo	VERB	1
theologia	NOUN	3
mysticus	ADJ	3
caligo	NOUN	1
negotium	NOUN	1
incito	VERB	3
eclipso	VERB	1
molior	VERB	2
pello	VERB	1
nescientia	NOUN	1
cardo	NOUN	2
thronus	NOUN	6
columna	NOUN	2
nubes	NOUN	1
ancilla	NOUN	1
arx	NOUN	1
erubesco	VERB	1
tam	SCONJ	1
si	ADV	1
iungo	VERB	2
repromitto	VERB	2
resideo	VERB	1
mensa	NOUN	4
edo^comedo	VERB	2
panis	NOUN	41
manduco	VERB	4
copulatio	NOUN	1
deputo	VERB	2
egoipse	PRON	1
potior	VERB	1
fortifico	VERB	2
appositio	NOUN	2
transumo	VERB	1
extollo	VERB	1
splendor	NOUN	1
amicio	VERB	1
exalto	VERB	2
indistantia	NOUN	1
beatifico	VERB	1
opinabilis	ADJ	1
sed	SCONJ	1
insinuo	VERB	1
sublimo	VERB	3
miraculosus	ADJ	3
inferioritas	NOUN	1
abraham	PROPN	1
penna	NOUN	1
mansio	NOUN	1
vinea	NOUN	1
supradico	VERB	2
praedestinatio	NOUN	1
iustificatio	NOUN	3
sanctificatio	NOUN	14
volubilis	ADJ	2
caeco	VERB	1
elongo	VERB	4
fruitio	NOUN	2
fastidium	NOUN	2
fastidio	VERB	3
concurro	VERB	5
fastidiosus	ADJ	1
ergo	SCONJ	3
persevero	VERB	1
commoveo	VERB	1
ierusalem	PROPN	2
opulens	ADJ	1
tabernaculum	NOUN	1
clavus	NOUN	1
rumpo	VERB	1
funiculus	NOUN	1
magnificus	ADJ	1
templum	NOUN	1
foras	ADV	1
involvo	VERB	1
superbus	ADJ	1
ambitiosus	ADJ	1
modus	X	2
regno	VERB	1
cupidus	ADJ	1
celeber	ADJ	1
illiberalis	ADJ	1
perfruor	VERB	3
voluptuosus	ADJ	1
intemperatus	ADJ	2
immoderantia	NOUN	2
sollicitudo	NOUN	1
molesto	VERB	1
timidus	ADJ	1
securus	ADJ	1
esurio	VERB	1
sitio	VERB	1
commendo	VERB	1
maria	PROPN	1
et	SCONJ	1
difformis	ADJ	1
claudo	VERB	1
signaculum	NOUN	2
praeceptum	NOUN	2
soliditas	NOUN	1
verto	VERB	2
sive	ADV	1
aliquantus	PRON	1
tandiu	ADV	1
conservatrix	ADJ	1
porto	VERB	1
omnitenens	ADJ	1
concido^cado	VERB	1
structura	NOUN	1
aedes	NOUN	1
ictus	NOUN	1
mauri	PROPN	1
firmitas	NOUN	2
hora	NOUN	3
desitio	NOUN	1
caementum	NOUN	1
quandiu	ADV	1
coquus	NOUN	1
mulgeo	VERB	1
coagulo	VERB	1
caseus	NOUN	1
pellis	NOUN	1
compingo	VERB	1
intono	VERB	1
grando	NOUN	2
carbo	NOUN	1
claudico	VERB	2
dispar	ADJ	1
patientia	NOUN	1
malignitas	NOUN	1
providus	ADJ	3
negligo	VERB	2
interpositio	NOUN	1
silentium	NOUN	2
cantilena	NOUN	1
opto	VERB	1
perpetior	VERB	1
ardeo	VERB	2
2-NO-A3---	VERB	1
entitas	NOUN	2
fructificatio	NOUN	1
germinativus	ADJ	1
immobilitas	NOUN	4
debilitatio	NOUN	2
resistentia	NOUN	2
multiformis	ADJ	2
deductio	NOUN	1
multiplicativus	ADJ	1
praemio	VERB	1
circumspectio	NOUN	1
stoicus	PROPN	4
intransgressibilis	ADJ	1
imarmene	NOUN	1
sicut	CCONJ	1
instinctus	NOUN	7
apis	NOUN	1
dispenso	VERB	6
cornu	NOUN	1
ordinativus	ADJ	4
provisor	NOUN	21
passer	NOUN	1
veneo	VERB	1
as	NOUN	1
ezechiel	PROPN	1
perambulo	VERB	1
circumeo	VERB	1
obliquus	ADJ	1
custos	NOUN	3
descensus	NOUN	1
prolixitas	NOUN	1
exsecutor	NOUN	5
centurio	NOUN	1
tribunus	NOUN	1
provisio	NOUN	1
interpretor	VERB	1
ne	ADV	1
despicio	VERB	2
commaculo	VERB	1
progredior	VERB	4
exsecutrix	NOUN	2
comparabilis	ADJ	1
relinquo	AUX	1
benedico	VERB	3
nix	NOUN	1
procella	NOUN	1
regitivus	ADJ	6
directivus	ADJ	1
subalterno	VERB	1
nuntius	NOUN	1
flamma	NOUN	1
splendeo	VERB	1
specto	VERB	3
sanctifico	VERB	16
seraphim	PROPN	3
incendo	VERB	1
incendium	NOUN	1
mobilitas	NOUN	1
ferveo	VERB	1
cherub	PROPN	2
interpretor	AUX	1
nominatio	NOUN	2
operatrix	NOUN	1
iudiciarius	ADJ	2
deiferus	ADJ	1
dominatio	NOUN	8
anagoge	NOUN	1
superpono	VERB	1
servitus	NOUN	2
subjectio	NOUN	3
virilitas	NOUN	1
deiformis	ADJ	2
imbecillitas	NOUN	1
inconfusus	ADJ	2
custodio	AUX	1
perturbo	VERB	1
arceo	VERB	1
ductivus	ADJ	1
mentio	NOUN	23
michael	PROPN	2
persa	PROPN	1
administratio	NOUN	1
archangelus	PROPN	8
nuntio	VERB	4
gabriel	PROPN	1
virgo	NOUN	2
incarnatio	NOUN	2
ducatus	NOUN	1
colossensis	PROPN	1
iuda	PROPN	1
haurio	VERB	1
piscis	NOUN	1
bestius	ADJ	1
etsi	ADP	1
sementis	NOUN	1
esca	NOUN	1
usurpo	VERB	1
praeficio	VERB	1
taceo	VERB	1
permissio	NOUN	2
roboro	VERB	2
gubernaculum	NOUN	1
bellum	NOUN	2
validus	ADJ	1
servus	NOUN	29
augmento	VERB	1
tarditas	NOUN	1
inalterabilis	ADJ	1
epilogus	NOUN	1
excogitatio	NOUN	1
quippe	ADV	1
mundo	VERB	1
quemadmodum	ADV	2
crassus	ADJ	1
igitur	SCONJ	1
homerus	PROPN	1
iuppiter	PROPN	1
pagina	NOUN	1
consolatio	NOUN	1
notio	NOUN	2
fatalis	ADJ	1
carmen	NOUN	1
indirectus	ADJ	4
afflatus	NOUN	1
planeta	NOUN	1
ptolemaeus	PROPN	2
centiloquium	PROPN	2
mercurius	PROPN	3
saturnus	PROPN	1
medulla	NOUN	1
perversitas	NOUN	1
vitiosus	ADJ	2
assuetudo	NOUN	1
occursus	NOUN	1
mulier	NOUN	9
socialis	ADJ	3
propterea	SCONJ	1
per	SCONJ	1
quod	ADV	2
historia	NOUN	1
pharisaeus	PROPN	1
priscillianista	PROPN	1
reus	NOUN	1
insurgo	VERB	1
pronus	ADJ	1
amens	ADJ	1
attributum	NOUN	5
plurimus	DET	1
adventus	NOUN	12
idealis	ADJ	2
purifico	VERB	1
limitatio	NOUN	1
principiatum	NOUN	4
alterans	ADJ	4
ly	NOUN	8
suppositum	NOUN	50
magister	PROPN	5
praemissa	NOUN	3
noto	VERB	1
adjectivum	NOUN	8
exigentia	NOUN	8
personalis	ADJ	10
adjectivus	ADJ	3
aurum	NOUN	7
componibilis	ADJ	1
appendentia	NOUN	1
corporeitas	NOUN	14
propterea	ADV	2
dependo	VERB	1
imagino	VERB	1
inhaerens	ADJ	15
spiratio	NOUN	1
presuppono	VERB	1
elicio	VERB	4
meritorius	ADJ	4
origino	VERB	1
incido^caedo	VERB	2
indigentia	NOUN	1
quo	ADV	3
motrix	NOUN	1
recreatio	NOUN	1
pictor	NOUN	1
rarefactio	NOUN	1
pronomen	NOUN	6
porphyrius	PROPN	1
creatrix	NOUN	1
syncategorematicus	ADJ	1
dictio	NOUN	2
subintelligo	VERB	1
implicatio	NOUN	1
solitudo	NOUN	1
subterfugio	VERB	5
usia	NOUN	2
substo	VERB	9
usiosis	NOUN	4
hypostasis	NOUN	16
sed	ADV	1
personalitas	NOUN	2
indistinctus	ADJ	2
participialis	ADJ	1
filiatio	NOUN	3
participium	NOUN	2
relatus	NOUN	1
indeterminatio	NOUN	1
praedico	AUX	1
innascibilitas	NOUN	1
consigno	VERB	1
construo	VERB	5
ablativus	ADJ	2
hugo	PROPN	2
victor	PROPN	1
effectum	NOUN	1
denominatio	NOUN	5
notionalis	ADJ	1
constructio	NOUN	2
genitivus	ADJ	5
particulatio	NOUN	1
faber	NOUN	2
securis	NOUN	2
incisio	NOUN	1
situalis	ADJ	1
deviatio	NOUN	1
rectitudo	NOUN	4
gloriosus	ADJ	21
improportionatus	ADJ	3
digestivus	ADJ	1
exitus	NOUN	1
latitatio	NOUN	2
unibilis	ADJ	3
praedomino	VERB	4
investio	VERB	1
determinabilis	ADJ	1
receptibilis	ADJ	6
disparo	VERB	2
proportionabilis	ADJ	1
unibilitas	NOUN	1
affigo	VERB	2
decurro	VERB	1
innascor	VERB	7
collectio	NOUN	2
aggrego	VERB	3
informis	ADJ	15
necessito	VERB	4
introductio	NOUN	16
infusio	NOUN	7
injustitia	NOUN	1
alchimista	NOUN	1
vigeo	VERB	1
apparitio	NOUN	2
habilitas	NOUN	6
eductio	NOUN	1
praestigium	NOUN	1
mollifico	VERB	1
martellus	NOUN	1
dilato	VERB	1
cultellus	NOUN	3
reluceo	VERB	2
ornatus	NOUN	1
lectus	NOUN	1
sex	NUM	3
informitas	NOUN	10
grossus	ADJ	1
receptibilitas	NOUN	3
abyssus	NOUN	1
substantificus	ADJ	1
sancio	VERB	1
vacuus	ADJ	3
nascor	AUX	1
reor	VERB	1
vegeto	VERB	1
antepono	VERB	1
articulus	NOUN	1
profluo	VERB	1
costa	NOUN	2
praeinsum	VERB	1
primordialis	ADJ	1
seminalis	ADJ	4
tradux	NOUN	1
compono	AUX	1
mas	NOUN	2
menstruus	ADJ	1
secedo	VERB	1
annihilo	VERB	3
submergo	VERB	1
sexus	NOUN	1
tentatio	NOUN	3
serpens	NOUN	2
eva	PROPN	1
iniquus	ADJ	1
persuasor	NOUN	2
excresco	VERB	1
recreo	VERB	1
gratuitus	ADJ	2
convoco	VERB	1
temo	NOUN	1
ineruditus	ADJ	1
redditio	NOUN	1
dator	NOUN	2
uro	VERB	1
deordinatio	NOUN	1
extractio	NOUN	1
originalis	ADJ	3
aduro	VERB	2
elongatio	NOUN	3
circumstantia	NOUN	1
idolum	NOUN	7
procul+dubius	ADV	1
deformitas	NOUN	1
consonantia	NOUN	1
clavis	NOUN	2
praelatio	NOUN	4
quamvis	ADV	1
proportionabilitas	NOUN	1
temporalitas	NOUN	1
lingua	NOUN	2
consignifico	VERB	2
ascensus	NOUN	1
compagino	VERB	2
complano	VERB	1
subdivido	VERB	1
alimentum	NOUN	1
incorruptus	ADJ	2
agnosco	VERB	1
vestis	NOUN	1
adoro	VERB	2
minoratio	NOUN	1
commendatio	NOUN	1
vertibilitas	NOUN	1
laesio	NOUN	3
innocentia	NOUN	1
gratis	ADV	2
vivificatio	NOUN	1
sensualitas	NOUN	2
acumen	NOUN	2
impassibilitas	NOUN	1
crucifigo	VERB	2
humilitas	NOUN	1
assumptio	NOUN	2
exinanio	VERB	10
superbia	NOUN	1
adam	PROPN	1
amoveo	VERB	2
temperies	NOUN	2
dissolutio	NOUN	2
complaceo	VERB	1
malleus	NOUN	1
intro	VERB	1
penetratio	NOUN	1
pictura	NOUN	2
sigillatio	NOUN	1
occultus	ADJ	2
secundarius	ADJ	6
severitas	NOUN	1
rigor	NOUN	1
aequitas	NOUN	1
epieikeia	NOUN	1
legalis	ADJ	2
dominativus	ADJ	1
paternus	ADJ	2
subjectivus	ADJ	1
illecebra	NOUN	1
perniciosus	ADJ	1
licet	VERB	7
exsecratio	NOUN	1
iuro	VERB	8
iejunus	NOUN	1
discretio	NOUN	1
insyllogizatus	NOUN	1
perjurium	NOUN	1
assertio	NOUN	1
iuratio	NOUN	1
solemnis	ADJ	1
deliberatio	NOUN	1
iustifico	VERB	1
observatio	NOUN	1
mandatum	NOUN	2
sacramentum	NOUN	264
audibilis	ADJ	1
efficientia	NOUN	1
sanctitas	NOUN	3
phiala	NOUN	1
completivus	ADJ	7
matrimonium	NOUN	6
dispensatio	NOUN	1
ecclesia	PROPN	38
benedictio	NOUN	5
dolabra	NOUN	1
omitto	VERB	2
ritus	NOUN	9
solemnitas	NOUN	2
expulsio	NOUN	7
eucharistia	PROPN	6
mysterium	NOUN	4
resurgo	VERB	7
progressus	NOUN	2
reparatio	NOUN	1
baptizo	VERB	49
baptisma	PROPN	80
diversificatio	ADJ	1
futurum	NOUN	1
ablutio	NOUN	6
sacramentalis	ADJ	15
diluo	VERB	2
crimen	NOUN	3
invocatio	NOUN	7
regenero	VERB	1
regeneratio	NOUN	2
integritas	NOUN	14
baptismalis	ADJ	4
praejudicium	NOUN	1
primitivus	ADJ	2
significativus	ADJ	1
idcirco	ADV	1
rebaptizo	VERB	1
consignificatio	NOUN	2
evangelium	PROPN	2
declino	VERB	1
latinus	ADJ	2
gemino	VERB	1
impositio	NOUN	4
accommodatio	NOUN	1
expressio	NOUN	6
professio	NOUN	1
explico	VERB	1
interruptio	NOUN	4
intercipio	VERB	1
tussis	NOUN	1
discontinuo	VERB	1
immersio	NOUN	5
columba	NOUN	2
character	NOUN	6
substerno	VERB	8
ingero	VERB	2
obsequium	NOUN	1
celebro	VERB	2
periculum	NOUN	1
cautela	NOUN	1
collatio	NOUN	6
mentalis	ADJ	1
labilis	ADJ	2
intervenio	VERB	1
adolesco	VERB	1
mancus	ADJ	1
mutus	ADJ	1
pronunciatio	NOUN	1
occulto	VERB	1
irrisio	NOUN	1
chrisma	NOUN	7
ecclesiasticus	ADJ	1
prolatio	NOUN	5
linitio	NOUN	2
vocalis	ADJ	1
altare	NOUN	3
lego	AUX	1
consignatio	NOUN	4
crux	NOUN	4
hostia	NOUN	6
arctatio	NOUN	1
frons^frontis	NOUN	1
tinctio	NOUN	1
episcopus	NOUN	1
edo^educo	VERB	1
consecratio	NOUN	13
traditio	NOUN	1
consecro	VERB	20
innocentius	PROPN	1
recitativus	ADJ	2
transubstantiatio	NOUN	8
calix	NOUN	7
evangelista	PROPN	2
sacerdos	NOUN	12
quotiescumque	ADV	1
transubstantio	VERB	4
iuvamentum	NOUN	1
effusio	NOUN	1
potabilis	ADJ	1
abhorreo	VERB	1
consummativus	ADJ	1
recito	VERB	1
pridie	ADV	1
canon	NOUN	2
missa	PROPN	1
aggenero	VERB	1
reverberatio	NOUN	2
vapor	NOUN	1
occido^caedo	VERB	1
farina	NOUN	2
ustio	NOUN	1
nutus	NOUN	2
perventio	NOUN	1
ostensivus	ADJ	1
suspendo	VERB	1
triduus	NOUN	1
iaceo	VERB	1
sepulcrum	NOUN	1
fractio	NOUN	1
partitio	NOUN	1
liquor	NOUN	1
cinis	NOUN	1
interminatus	ADJ	3
concomitantia	NOUN	2
dimensionatus	ADJ	1
expletio	NOUN	1
sacerdotalis	ADJ	2
schismaticus	NOUN	1
excommunico	VERB	1
pernicies	NOUN	1
sacrificium	NOUN	2
immissio	NOUN	1
absolutio	NOUN	6
emendatio	NOUN	1
oro	VERB	2
commiscibilis	ADJ	1
contritio	NOUN	2
intercessio	NOUN	1
indulgentia	NOUN	11
depingo	VERB	1
vicis	NOUN	1
deprecativus	ADJ	5
ungo	VERB	1
oleum	NOUN	1
signatio	NOUN	1
romanus	PROPN	1
unctio	NOUN	2
deprecatio	NOUN	1
remuneratio	NOUN	1
imperativus	ADJ	1
abjectio	NOUN	1
regalis	ADJ	1
corona	NOUN	1
praecido	VERB	1
matrimonialis	ADJ	1
nexus	NOUN	1
legitimus	ADJ	1
municipium	NOUN	1
hereditas	NOUN	1
dirimo	VERB	1
nepos	NOUN	1
nuptiae	NOUN	1
legitimitas	NOUN	1
expectatio	NOUN	1
resuscito	VERB	1
resumo	AUX	2
statua	NOUN	7
homogeneus	ADJ	2
humiditas	NOUN	4
bovinus	ADJ	1
subtilitas	NOUN	3
glorifico	VERB	2
corpulentia	NOUN	1
dos	NOUN	5
agilitas	NOUN	1
lavo	VERB	1
denuntio	VERB	1
prosum	VERB	2
suffragium	NOUN	1
purgatorium	PROPN	1
detineo	VERB	1
incorruptio	NOUN	2
recupero	VERB	1
suscito	VERB	1
foeditas	NOUN	1
impuritas	NOUN	1
refulgentia	NOUN	1
imaginabilis	ADJ	1
citrinus	ADJ	1
inhabito	VERB	1
patrius	ADJ	2
manuduco	VERB	2
viator	NOUN	1
concreo	VERB	5
defungor	VERB	1
maternus	ADJ	1
opprimo	VERB	1
superluceo	VERB	1
occasiono	VERB	1
damno	VERB	1
refrigerium	NOUN	2
pristinus	ADJ	1
fluxibilis	ADJ	1
alienatio	NOUN	1
fabricatio	NOUN	1
cuprum	NOUN	1
gravo	VERB	1
egometipse	PRON	1
vividus	ADJ	1
gratifico	VERB	1
gratus	ADJ	2
promereo	VERB	1
rapina	NOUN	4
exorior	VERB	1
servilis	ADJ	1
afficio	VERB	1
hercules	PROPN	1
exinanitio	NOUN	1
descensio	NOUN	1
glorificatio	NOUN	1
ascensio	NOUN	1
fictio	NOUN	1
supercaelestis	ADJ	1
arius	PROPN	1
iesus	PROPN	2
discrepo	VERB	1
inunctio	NOUN	1
porrectio	NOUN	1
contempero	VERB	1
transmutabilitas	NOUN	1
transmutabilis	ADJ	2
afflictio	NOUN	1
nigromanticus	ADJ	1
dolo	VERB	1
paro	VERB	1
quantitativus	ADJ	1
communicantia	NOUN	1
pulcher	ADJ	3
praefigo	VERB	1
amplitudo	NOUN	1
heterogeneus	ADJ	1
careo	AUX	1
indivisio	NOUN	1
coarctatio	NOUN	1
octoginta	NUM	3
fallo	ADJ	1
commentum	NOUN	2
voluto	VERB	1
vero^adv./etc.	X	1
floreo	VERB	1
arbor	NOUN	2
flos	NOUN	2
egregius	ADJ	1
effusor	NOUN	1
collectivus	ADJ	1
consubstantialis	ADJ	1
dumtaxat	ADV	1
etiamsi	SCONJ	1
propheticus	ADJ	1
scindo	VERB	1
praedefinio	VERB	1
accommodo	VERB	1
intentionalis	ADJ	1
vespertinus	ADJ	2
matutinus	ADJ	1
restringo	VERB	1
compago	NOUN	1
concordia	NOUN	1
formositas	NOUN	1
subsido	VERB	1
incompositus	ADJ	1
corruptibilitas	NOUN	1
avicebron	PROPN	1
obtenebresco	VERB	1
absentia	NOUN	1
luminare	NOUN	2
aliquandiu	ADV	1
firmamentum	NOUN	2
aridus	ADJ	3
apparentia	NOUN	1
orno	VERB	1
inhaerentia	NOUN	1
aliquid	PRON	1
metallum	NOUN	1
